<?xml version="1.0" encoding="UTF-8"?>
<project-private xmlns="http://www.netbeans.org/ns/project-private/1">
    <editor-bookmarks xmlns="http://www.netbeans.org/ns/editor-bookmarks/2" lastBookmarkId="0"/>
    <open-files xmlns="http://www.netbeans.org/ns/projectui-open-files/2">
        <group>
            <file>file:/C:/Users/Luiz%20Philippe/Documents/TP/Github/TP-Trabalho1/Trabalho1/src/trabalho1/Cozinheiro.java</file>
            <file>file:/C:/Users/Luiz%20Philippe/Documents/TP/Github/TP-Trabalho1/Trabalho1/src/trabalho1/FuncionarioRemunerado.java</file>
            <file>file:/C:/Users/Luiz%20Philippe/Documents/TP/Github/TP-Trabalho1/Trabalho1/src/trabalho1/Pessoa.java</file>
            <file>file:/C:/Users/Luiz%20Philippe/Documents/TP/Github/TP-Trabalho1/Trabalho1/src/trabalho1/Trabalho1.java</file>
            <file>file:/C:/Users/Luiz%20Philippe/Documents/TP/Github/TP-Trabalho1/Trabalho1/src/trabalho1/Hora.java</file>
            <file>file:/C:/Users/Luiz%20Philippe/Documents/TP/Github/TP-Trabalho1/Trabalho1/src/trabalho1/Mesa.java</file>
            <file>file:/C:/Users/Luiz%20Philippe/Documents/TP/Github/TP-Trabalho1/Trabalho1/src/trabalho1/Cliente.java</file>
            <file>file:/C:/Users/Luiz%20Philippe/Documents/TP/Github/TP-Trabalho1/Trabalho1/src/trabalho1/Gerente.java</file>
            <file>file:/C:/Users/Luiz%20Philippe/Documents/TP/Github/TP-Trabalho1/Trabalho1/src/trabalho1/Data.java</file>
            <file>file:/C:/Users/Luiz%20Philippe/Documents/TP/Github/TP-Trabalho1/Trabalho1/src/trabalho1/Funcionario.java</file>
            <file>file:/C:/Users/Luiz%20Philippe/Documents/TP/Github/TP-Trabalho1/Trabalho1/src/trabalho1/Prato.java</file>
            <file>file:/C:/Users/Luiz%20Philippe/Documents/TP/Github/TP-Trabalho1/Trabalho1/src/trabalho1/Garcon.java</file>
            <file>file:/C:/Users/Luiz%20Philippe/Documents/TP/Github/TP-Trabalho1/Trabalho1/src/trabalho1/Restaurante.java</file>
        </group>
    </open-files>
</project-private>
